{"format": "graph-model", "generatedBy": "2.18.0", "convertedBy": "TensorFlow.js Converter v4.22.0", "signature": {"inputs": {"features": {"name": "features:0", "dtype": "DT_FLOAT", "tensorShape": {"dim": [{"size": "-1"}, {"size": "8"}]}}, "unknown:0": {"name": "unknown:0", "dtype": "DT_RESOURCE", "tensorShape": {}, "resourceId": 3578}}, "outputs": {"output_1": {"name": "Identity:0", "dtype": "DT_FLOAT", "tensorShape": {"dim": [{"size": "-1"}, {"size": "9"}]}}}}, "modelTopology": {"node": [{"name": "features", "op": "Placeholder", "attr": {"shape": {"shape": {"dim": [{"size": "-1"}, {"size": "8"}]}}, "dtype": {"type": "DT_FLOAT"}}}, {"name": "unknown", "op": "Placeholder", "attr": {"shape": {"shape": {}}, "dtype": {"type": "DT_RESOURCE"}}}, {"name": "Func/StatefulPartitionedCall/gradient_boosted_trees_model/StatefulPartitionedCall/input_control_node/_4", "op": "NoOp", "input": ["^features", "^unknown"], "attr": {"_has_manual_control_dependencies": {"b": true}}}, {"name": "StatefulPartitionedCall/gradient_boosted_trees_model/StatefulPartitionedCall/PartitionedCall/strided_slice/stack", "op": "Const", "input": ["^Func/StatefulPartitionedCall/gradient_boosted_trees_model/StatefulPartitionedCall/input_control_node/_4"], "attr": {"value": {"tensor": {"dtype": "DT_INT32", "tensorShape": {"dim": [{"size": "2"}]}}}, "dtype": {"type": "DT_INT32"}}}, {"name": "StatefulPartitionedCall/gradient_boosted_trees_model/StatefulPartitionedCall/PartitionedCall/strided_slice/stack_1", "op": "Const", "input": ["^Func/StatefulPartitionedCall/gradient_boosted_trees_model/StatefulPartitionedCall/input_control_node/_4"], "attr": {"value": {"tensor": {"dtype": "DT_INT32", "tensorShape": {"dim": [{"size": "2"}]}}}, "dtype": {"type": "DT_INT32"}}}, {"name": "StatefulPartitionedCall/gradient_boosted_trees_model/StatefulPartitionedCall/PartitionedCall/strided_slice/stack_2", "op": "Const", "input": ["^Func/StatefulPartitionedCall/gradient_boosted_trees_model/StatefulPartitionedCall/input_control_node/_4"], "attr": {"value": {"tensor": {"dtype": "DT_INT32", "tensorShape": {"dim": [{"size": "2"}]}}}, "dtype": {"type": "DT_INT32"}}}, {"name": "StatefulPartitionedCall/gradient_boosted_trees_model/StatefulPartitionedCall/PartitionedCall/strided_slice_1/stack", "op": "Const", "input": ["^Func/StatefulPartitionedCall/gradient_boosted_trees_model/StatefulPartitionedCall/input_control_node/_4"], "attr": {"value": {"tensor": {"dtype": "DT_INT32", "tensorShape": {"dim": [{"size": "2"}]}}}, "dtype": {"type": "DT_INT32"}}}, {"name": "StatefulPartitionedCall/gradient_boosted_trees_model/StatefulPartitionedCall/PartitionedCall/strided_slice_1/stack_1", "op": "Const", "input": ["^Func/StatefulPartitionedCall/gradient_boosted_trees_model/StatefulPartitionedCall/input_control_node/_4"], "attr": {"value": {"tensor": {"dtype": "DT_INT32", "tensorShape": {"dim": [{"size": "2"}]}}}, "dtype": {"type": "DT_INT32"}}}, {"name": "StatefulPartitionedCall/gradient_boosted_trees_model/StatefulPartitionedCall/PartitionedCall/strided_slice_1/stack_2", "op": "Const", "input": ["^Func/StatefulPartitionedCall/gradient_boosted_trees_model/StatefulPartitionedCall/input_control_node/_4"], "attr": {"value": {"tensor": {"dtype": "DT_INT32", "tensorShape": {"dim": [{"size": "2"}]}}}, "dtype": {"type": "DT_INT32"}}}, {"name": "StatefulPartitionedCall/gradient_boosted_trees_model/StatefulPartitionedCall/PartitionedCall/strided_slice_2/stack", "op": "Const", "input": ["^Func/StatefulPartitionedCall/gradient_boosted_trees_model/StatefulPartitionedCall/input_control_node/_4"], "attr": {"value": {"tensor": {"dtype": "DT_INT32", "tensorShape": {"dim": [{"size": "2"}]}}}, "dtype": {"type": "DT_INT32"}}}, {"name": "StatefulPartitionedCall/gradient_boosted_trees_model/StatefulPartitionedCall/PartitionedCall/strided_slice_2/stack_1", "op": "Const", "input": ["^Func/StatefulPartitionedCall/gradient_boosted_trees_model/StatefulPartitionedCall/input_control_node/_4"], "attr": {"value": {"tensor": {"dtype": "DT_INT32", "tensorShape": {"dim": [{"size": "2"}]}}}, "dtype": {"type": "DT_INT32"}}}, {"name": "StatefulPartitionedCall/gradient_boosted_trees_model/StatefulPartitionedCall/PartitionedCall/strided_slice_2/stack_2", "op": "Const", "input": ["^Func/StatefulPartitionedCall/gradient_boosted_trees_model/StatefulPartitionedCall/input_control_node/_4"], "attr": {"value": {"tensor": {"dtype": "DT_INT32", "tensorShape": {"dim": [{"size": "2"}]}}}, "dtype": {"type": "DT_INT32"}}}, {"name": "StatefulPartitionedCall/gradient_boosted_trees_model/StatefulPartitionedCall/PartitionedCall/strided_slice_3/stack", "op": "Const", "input": ["^Func/StatefulPartitionedCall/gradient_boosted_trees_model/StatefulPartitionedCall/input_control_node/_4"], "attr": {"value": {"tensor": {"dtype": "DT_INT32", "tensorShape": {"dim": [{"size": "2"}]}}}, "dtype": {"type": "DT_INT32"}}}, {"name": "StatefulPartitionedCall/gradient_boosted_trees_model/StatefulPartitionedCall/PartitionedCall/strided_slice_3/stack_1", "op": "Const", "input": ["^Func/StatefulPartitionedCall/gradient_boosted_trees_model/StatefulPartitionedCall/input_control_node/_4"], "attr": {"value": {"tensor": {"dtype": "DT_INT32", "tensorShape": {"dim": [{"size": "2"}]}}}, "dtype": {"type": "DT_INT32"}}}, {"name": "StatefulPartitionedCall/gradient_boosted_trees_model/StatefulPartitionedCall/PartitionedCall/strided_slice_3/stack_2", "op": "Const", "input": ["^Func/StatefulPartitionedCall/gradient_boosted_trees_model/StatefulPartitionedCall/input_control_node/_4"], "attr": {"value": {"tensor": {"dtype": "DT_INT32", "tensorShape": {"dim": [{"size": "2"}]}}}, "dtype": {"type": "DT_INT32"}}}, {"name": "StatefulPartitionedCall/gradient_boosted_trees_model/StatefulPartitionedCall/PartitionedCall/strided_slice_4/stack", "op": "Const", "input": ["^Func/StatefulPartitionedCall/gradient_boosted_trees_model/StatefulPartitionedCall/input_control_node/_4"], "attr": {"value": {"tensor": {"dtype": "DT_INT32", "tensorShape": {"dim": [{"size": "2"}]}}}, "dtype": {"type": "DT_INT32"}}}, {"name": "StatefulPartitionedCall/gradient_boosted_trees_model/StatefulPartitionedCall/PartitionedCall/strided_slice_4/stack_1", "op": "Const", "input": ["^Func/StatefulPartitionedCall/gradient_boosted_trees_model/StatefulPartitionedCall/input_control_node/_4"], "attr": {"value": {"tensor": {"dtype": "DT_INT32", "tensorShape": {"dim": [{"size": "2"}]}}}, "dtype": {"type": "DT_INT32"}}}, {"name": "StatefulPartitionedCall/gradient_boosted_trees_model/StatefulPartitionedCall/PartitionedCall/strided_slice_4/stack_2", "op": "Const", "input": ["^Func/StatefulPartitionedCall/gradient_boosted_trees_model/StatefulPartitionedCall/input_control_node/_4"], "attr": {"value": {"tensor": {"dtype": "DT_INT32", "tensorShape": {"dim": [{"size": "2"}]}}}, "dtype": {"type": "DT_INT32"}}}, {"name": "StatefulPartitionedCall/gradient_boosted_trees_model/StatefulPartitionedCall/PartitionedCall/strided_slice_5/stack", "op": "Const", "input": ["^Func/StatefulPartitionedCall/gradient_boosted_trees_model/StatefulPartitionedCall/input_control_node/_4"], "attr": {"value": {"tensor": {"dtype": "DT_INT32", "tensorShape": {"dim": [{"size": "2"}]}}}, "dtype": {"type": "DT_INT32"}}}, {"name": "StatefulPartitionedCall/gradient_boosted_trees_model/StatefulPartitionedCall/PartitionedCall/strided_slice_5/stack_1", "op": "Const", "input": ["^Func/StatefulPartitionedCall/gradient_boosted_trees_model/StatefulPartitionedCall/input_control_node/_4"], "attr": {"value": {"tensor": {"dtype": "DT_INT32", "tensorShape": {"dim": [{"size": "2"}]}}}, "dtype": {"type": "DT_INT32"}}}, {"name": "StatefulPartitionedCall/gradient_boosted_trees_model/StatefulPartitionedCall/PartitionedCall/strided_slice_5/stack_2", "op": "Const", "input": ["^Func/StatefulPartitionedCall/gradient_boosted_trees_model/StatefulPartitionedCall/input_control_node/_4"], "attr": {"value": {"tensor": {"dtype": "DT_INT32", "tensorShape": {"dim": [{"size": "2"}]}}}, "dtype": {"type": "DT_INT32"}}}, {"name": "StatefulPartitionedCall/gradient_boosted_trees_model/StatefulPartitionedCall/PartitionedCall/strided_slice_6/stack", "op": "Const", "input": ["^Func/StatefulPartitionedCall/gradient_boosted_trees_model/StatefulPartitionedCall/input_control_node/_4"], "attr": {"value": {"tensor": {"dtype": "DT_INT32", "tensorShape": {"dim": [{"size": "2"}]}}}, "dtype": {"type": "DT_INT32"}}}, {"name": "StatefulPartitionedCall/gradient_boosted_trees_model/StatefulPartitionedCall/PartitionedCall/strided_slice_6/stack_1", "op": "Const", "input": ["^Func/StatefulPartitionedCall/gradient_boosted_trees_model/StatefulPartitionedCall/input_control_node/_4"], "attr": {"value": {"tensor": {"dtype": "DT_INT32", "tensorShape": {"dim": [{"size": "2"}]}}}, "dtype": {"type": "DT_INT32"}}}, {"name": "StatefulPartitionedCall/gradient_boosted_trees_model/StatefulPartitionedCall/PartitionedCall/strided_slice_6/stack_2", "op": "Const", "input": ["^Func/StatefulPartitionedCall/gradient_boosted_trees_model/StatefulPartitionedCall/input_control_node/_4"], "attr": {"value": {"tensor": {"dtype": "DT_INT32", "tensorShape": {"dim": [{"size": "2"}]}}}, "dtype": {"type": "DT_INT32"}}}, {"name": "Func/StatefulPartitionedCall/gradient_boosted_trees_model/StatefulPartitionedCall/PartitionedCall/input/_10", "op": "Identity", "input": ["features", "^Func/StatefulPartitionedCall/gradient_boosted_trees_model/StatefulPartitionedCall/input_control_node/_4"], "attr": {"T": {"type": "DT_FLOAT"}}}, {"name": "StatefulPartitionedCall/gradient_boosted_trees_model/StatefulPartitionedCall/PartitionedCall/strided_slice_7/stack", "op": "Const", "input": ["^Func/StatefulPartitionedCall/gradient_boosted_trees_model/StatefulPartitionedCall/input_control_node/_4"], "attr": {"value": {"tensor": {"dtype": "DT_INT32", "tensorShape": {"dim": [{"size": "2"}]}}}, "dtype": {"type": "DT_INT32"}}}, {"name": "StatefulPartitionedCall/gradient_boosted_trees_model/StatefulPartitionedCall/PartitionedCall/strided_slice_7/stack_1", "op": "Const", "input": ["^Func/StatefulPartitionedCall/gradient_boosted_trees_model/StatefulPartitionedCall/input_control_node/_4"], "attr": {"value": {"tensor": {"dtype": "DT_INT32", "tensorShape": {"dim": [{"size": "2"}]}}}, "dtype": {"type": "DT_INT32"}}}, {"name": "StatefulPartitionedCall/gradient_boosted_trees_model/StatefulPartitionedCall/PartitionedCall/strided_slice_7/stack_2", "op": "Const", "input": ["^Func/StatefulPartitionedCall/gradient_boosted_trees_model/StatefulPartitionedCall/input_control_node/_4"], "attr": {"value": {"tensor": {"dtype": "DT_INT32", "tensorShape": {"dim": [{"size": "2"}]}}}, "dtype": {"type": "DT_INT32"}}}, {"name": "StatefulPartitionedCall/gradient_boosted_trees_model/StatefulPartitionedCall/Const", "op": "Const", "input": ["^Func/StatefulPartitionedCall/gradient_boosted_trees_model/StatefulPartitionedCall/input_control_node/_4"], "attr": {"value": {"tensor": {"dtype": "DT_FLOAT", "tensorShape": {"dim": [{}, {}]}}}, "dtype": {"type": "DT_FLOAT"}}}, {"name": "StatefulPartitionedCall/gradient_boosted_trees_model/StatefulPartitionedCall/Const_1", "op": "Const", "input": ["^Func/StatefulPartitionedCall/gradient_boosted_trees_model/StatefulPartitionedCall/input_control_node/_4"], "attr": {"value": {"tensor": {"dtype": "DT_INT32", "tensorShape": {"dim": [{}, {}]}}}, "dtype": {"type": "DT_INT32"}}}, {"name": "StatefulPartitionedCall/gradient_boosted_trees_model/StatefulPartitionedCall/RaggedConstant/values", "op": "Const", "input": ["^Func/StatefulPartitionedCall/gradient_boosted_trees_model/StatefulPartitionedCall/input_control_node/_4"], "attr": {"value": {"tensor": {"dtype": "DT_INT32", "tensorShape": {"dim": [{}]}}}, "dtype": {"type": "DT_INT32"}}}, {"name": "StatefulPartitionedCall/gradient_boosted_trees_model/StatefulPartitionedCall/RaggedConstant/Const", "op": "Const", "input": ["^Func/StatefulPartitionedCall/gradient_boosted_trees_model/StatefulPartitionedCall/input_control_node/_4"], "attr": {"value": {"tensor": {"dtype": "DT_INT64", "tensorShape": {"dim": [{"size": "1"}]}}}, "dtype": {"type": "DT_INT64"}}}, {"name": "StatefulPartitionedCall/gradient_boosted_trees_model/StatefulPartitionedCall/RaggedConstant/Const_1", "op": "Const", "input": ["^Func/StatefulPartitionedCall/gradient_boosted_trees_model/StatefulPartitionedCall/input_control_node/_4"], "attr": {"value": {"tensor": {"dtype": "DT_INT64", "tensorShape": {"dim": [{"size": "1"}]}}}, "dtype": {"type": "DT_INT64"}}}, {"name": "StatefulPartitionedCall/gradient_boosted_trees_model/StatefulPartitionedCall/PartitionedCall/strided_slice", "op": "StridedSlice", "input": ["Func/StatefulPartitionedCall/gradient_boosted_trees_model/StatefulPartitionedCall/PartitionedCall/input/_10", "StatefulPartitionedCall/gradient_boosted_trees_model/StatefulPartitionedCall/PartitionedCall/strided_slice/stack", "StatefulPartitionedCall/gradient_boosted_trees_model/StatefulPartitionedCall/PartitionedCall/strided_slice/stack_1", "StatefulPartitionedCall/gradient_boosted_trees_model/StatefulPartitionedCall/PartitionedCall/strided_slice/stack_2"], "attr": {"shrink_axis_mask": {"i": "2"}, "new_axis_mask": {"i": "0"}, "Index": {"type": "DT_INT32"}, "begin_mask": {"i": "1"}, "T": {"type": "DT_FLOAT"}, "end_mask": {"i": "1"}, "ellipsis_mask": {"i": "0"}}}, {"name": "StatefulPartitionedCall/gradient_boosted_trees_model/StatefulPartitionedCall/PartitionedCall/strided_slice_1", "op": "StridedSlice", "input": ["Func/StatefulPartitionedCall/gradient_boosted_trees_model/StatefulPartitionedCall/PartitionedCall/input/_10", "StatefulPartitionedCall/gradient_boosted_trees_model/StatefulPartitionedCall/PartitionedCall/strided_slice_1/stack", "StatefulPartitionedCall/gradient_boosted_trees_model/StatefulPartitionedCall/PartitionedCall/strided_slice_1/stack_1", "StatefulPartitionedCall/gradient_boosted_trees_model/StatefulPartitionedCall/PartitionedCall/strided_slice_1/stack_2"], "attr": {"shrink_axis_mask": {"i": "2"}, "Index": {"type": "DT_INT32"}, "new_axis_mask": {"i": "0"}, "begin_mask": {"i": "1"}, "end_mask": {"i": "1"}, "T": {"type": "DT_FLOAT"}, "ellipsis_mask": {"i": "0"}}}, {"name": "StatefulPartitionedCall/gradient_boosted_trees_model/StatefulPartitionedCall/PartitionedCall/strided_slice_2", "op": "StridedSlice", "input": ["Func/StatefulPartitionedCall/gradient_boosted_trees_model/StatefulPartitionedCall/PartitionedCall/input/_10", "StatefulPartitionedCall/gradient_boosted_trees_model/StatefulPartitionedCall/PartitionedCall/strided_slice_2/stack", "StatefulPartitionedCall/gradient_boosted_trees_model/StatefulPartitionedCall/PartitionedCall/strided_slice_2/stack_1", "StatefulPartitionedCall/gradient_boosted_trees_model/StatefulPartitionedCall/PartitionedCall/strided_slice_2/stack_2"], "attr": {"shrink_axis_mask": {"i": "2"}, "Index": {"type": "DT_INT32"}, "new_axis_mask": {"i": "0"}, "begin_mask": {"i": "1"}, "end_mask": {"i": "1"}, "T": {"type": "DT_FLOAT"}, "ellipsis_mask": {"i": "0"}}}, {"name": "StatefulPartitionedCall/gradient_boosted_trees_model/StatefulPartitionedCall/PartitionedCall/strided_slice_3", "op": "StridedSlice", "input": ["Func/StatefulPartitionedCall/gradient_boosted_trees_model/StatefulPartitionedCall/PartitionedCall/input/_10", "StatefulPartitionedCall/gradient_boosted_trees_model/StatefulPartitionedCall/PartitionedCall/strided_slice_3/stack", "StatefulPartitionedCall/gradient_boosted_trees_model/StatefulPartitionedCall/PartitionedCall/strided_slice_3/stack_1", "StatefulPartitionedCall/gradient_boosted_trees_model/StatefulPartitionedCall/PartitionedCall/strided_slice_3/stack_2"], "attr": {"shrink_axis_mask": {"i": "2"}, "Index": {"type": "DT_INT32"}, "new_axis_mask": {"i": "0"}, "begin_mask": {"i": "1"}, "end_mask": {"i": "1"}, "T": {"type": "DT_FLOAT"}, "ellipsis_mask": {"i": "0"}}}, {"name": "StatefulPartitionedCall/gradient_boosted_trees_model/StatefulPartitionedCall/PartitionedCall/strided_slice_4", "op": "StridedSlice", "input": ["Func/StatefulPartitionedCall/gradient_boosted_trees_model/StatefulPartitionedCall/PartitionedCall/input/_10", "StatefulPartitionedCall/gradient_boosted_trees_model/StatefulPartitionedCall/PartitionedCall/strided_slice_4/stack", "StatefulPartitionedCall/gradient_boosted_trees_model/StatefulPartitionedCall/PartitionedCall/strided_slice_4/stack_1", "StatefulPartitionedCall/gradient_boosted_trees_model/StatefulPartitionedCall/PartitionedCall/strided_slice_4/stack_2"], "attr": {"shrink_axis_mask": {"i": "2"}, "Index": {"type": "DT_INT32"}, "new_axis_mask": {"i": "0"}, "begin_mask": {"i": "1"}, "T": {"type": "DT_FLOAT"}, "end_mask": {"i": "1"}, "ellipsis_mask": {"i": "0"}}}, {"name": "StatefulPartitionedCall/gradient_boosted_trees_model/StatefulPartitionedCall/PartitionedCall/strided_slice_5", "op": "StridedSlice", "input": ["Func/StatefulPartitionedCall/gradient_boosted_trees_model/StatefulPartitionedCall/PartitionedCall/input/_10", "StatefulPartitionedCall/gradient_boosted_trees_model/StatefulPartitionedCall/PartitionedCall/strided_slice_5/stack", "StatefulPartitionedCall/gradient_boosted_trees_model/StatefulPartitionedCall/PartitionedCall/strided_slice_5/stack_1", "StatefulPartitionedCall/gradient_boosted_trees_model/StatefulPartitionedCall/PartitionedCall/strided_slice_5/stack_2"], "attr": {"shrink_axis_mask": {"i": "2"}, "Index": {"type": "DT_INT32"}, "new_axis_mask": {"i": "0"}, "begin_mask": {"i": "1"}, "T": {"type": "DT_FLOAT"}, "end_mask": {"i": "1"}, "ellipsis_mask": {"i": "0"}}}, {"name": "StatefulPartitionedCall/gradient_boosted_trees_model/StatefulPartitionedCall/PartitionedCall/strided_slice_6", "op": "StridedSlice", "input": ["Func/StatefulPartitionedCall/gradient_boosted_trees_model/StatefulPartitionedCall/PartitionedCall/input/_10", "StatefulPartitionedCall/gradient_boosted_trees_model/StatefulPartitionedCall/PartitionedCall/strided_slice_6/stack", "StatefulPartitionedCall/gradient_boosted_trees_model/StatefulPartitionedCall/PartitionedCall/strided_slice_6/stack_1", "StatefulPartitionedCall/gradient_boosted_trees_model/StatefulPartitionedCall/PartitionedCall/strided_slice_6/stack_2"], "attr": {"shrink_axis_mask": {"i": "2"}, "new_axis_mask": {"i": "0"}, "Index": {"type": "DT_INT32"}, "begin_mask": {"i": "1"}, "T": {"type": "DT_FLOAT"}, "end_mask": {"i": "1"}, "ellipsis_mask": {"i": "0"}}}, {"name": "StatefulPartitionedCall/gradient_boosted_trees_model/StatefulPartitionedCall/PartitionedCall/strided_slice_7", "op": "StridedSlice", "input": ["Func/StatefulPartitionedCall/gradient_boosted_trees_model/StatefulPartitionedCall/PartitionedCall/input/_10", "StatefulPartitionedCall/gradient_boosted_trees_model/StatefulPartitionedCall/PartitionedCall/strided_slice_7/stack", "StatefulPartitionedCall/gradient_boosted_trees_model/StatefulPartitionedCall/PartitionedCall/strided_slice_7/stack_1", "StatefulPartitionedCall/gradient_boosted_trees_model/StatefulPartitionedCall/PartitionedCall/strided_slice_7/stack_2"], "attr": {"shrink_axis_mask": {"i": "2"}, "new_axis_mask": {"i": "0"}, "Index": {"type": "DT_INT32"}, "begin_mask": {"i": "1"}, "end_mask": {"i": "1"}, "T": {"type": "DT_FLOAT"}, "ellipsis_mask": {"i": "0"}}}, {"name": "StatefulPartitionedCall/gradient_boosted_trees_model/StatefulPartitionedCall/stack", "op": "Pack", "input": ["StatefulPartitionedCall/gradient_boosted_trees_model/StatefulPartitionedCall/PartitionedCall/strided_slice", "StatefulPartitionedCall/gradient_boosted_trees_model/StatefulPartitionedCall/PartitionedCall/strided_slice_1", "StatefulPartitionedCall/gradient_boosted_trees_model/StatefulPartitionedCall/PartitionedCall/strided_slice_2", "StatefulPartitionedCall/gradient_boosted_trees_model/StatefulPartitionedCall/PartitionedCall/strided_slice_3", "StatefulPartitionedCall/gradient_boosted_trees_model/StatefulPartitionedCall/PartitionedCall/strided_slice_4", "StatefulPartitionedCall/gradient_boosted_trees_model/StatefulPartitionedCall/PartitionedCall/strided_slice_5", "StatefulPartitionedCall/gradient_boosted_trees_model/StatefulPartitionedCall/PartitionedCall/strided_slice_6", "StatefulPartitionedCall/gradient_boosted_trees_model/StatefulPartitionedCall/PartitionedCall/strided_slice_7"], "attr": {"N": {"i": "8"}, "axis": {"i": "1"}, "T": {"type": "DT_FLOAT"}}}, {"name": "StatefulPartitionedCall/gradient_boosted_trees_model/StatefulPartitionedCall/inference_op", "op": "SimpleMLInferenceOpWithHandle", "input": ["StatefulPartitionedCall/gradient_boosted_trees_model/StatefulPartitionedCall/stack", "StatefulPartitionedCall/gradient_boosted_trees_model/StatefulPartitionedCall/Const", "StatefulPartitionedCall/gradient_boosted_trees_model/StatefulPartitionedCall/Const_1", "StatefulPartitionedCall/gradient_boosted_trees_model/StatefulPartitionedCall/RaggedConstant/values", "StatefulPartitionedCall/gradient_boosted_trees_model/StatefulPartitionedCall/RaggedConstant/Const", "StatefulPartitionedCall/gradient_boosted_trees_model/StatefulPartitionedCall/RaggedConstant/Const_1", "unknown"], "attr": {"_has_manual_control_dependencies": {"b": true}, "dense_output_dim": {"i": "9"}}}, {"name": "Identity", "op": "Identity", "input": ["StatefulPartitionedCall/gradient_boosted_trees_model/StatefulPartitionedCall/inference_op"], "attr": {"T": {"type": "DT_FLOAT"}}}], "library": {}, "versions": {"producer": 1994}}, "modelInitializer": {"node": [{"name": "Func/StatefulPartitionedCall/input_control_node/_0", "op": "NoOp", "attr": {"_has_manual_control_dependencies": {"b": true}}}, {"name": "3780", "op": "Const", "attr": {"value": {"tensor": {"dtype": "DT_STRING", "tensorShape": {}}}, "_has_manual_control_dependencies": {"b": true}, "dtype": {"type": "DT_STRING"}}}, {"name": "Func/StatefulPartitionedCall/StatefulPartitionedCall/input_control_node/_8", "op": "NoOp", "input": ["^Func/StatefulPartitionedCall/input_control_node/_0"], "attr": {"_has_manual_control_dependencies": {"b": true}}}, {"name": "StatefulPartitionedCall/StatefulPartitionedCall/SimpleMLCreateModelResource", "op": "SimpleMLCreateModelResource", "input": ["^Func/StatefulPartitionedCall/StatefulPartitionedCall/input_control_node/_8"], "attr": {"shared_name": {"s": "c2ltcGxlX21sX21vZGVsXzk3MDk4NzEzLTM3N2ItNDUyMi05N2Q1LWZkMzQyNDBkZDIyZF9sb2FkXzMyMTM="}, "_has_manual_control_dependencies": {"b": true}, "container": {"s": ""}}}, {"name": "Func/StatefulPartitionedCall/StatefulPartitionedCall/output_control_node/_10", "op": "NoOp", "input": ["^StatefulPartitionedCall/StatefulPartitionedCall/SimpleMLCreateModelResource"], "attr": {"_has_manual_control_dependencies": {"b": true}}}, {"name": "Func/StatefulPartitionedCall/output_control_node/_2", "op": "NoOp", "input": ["^Func/StatefulPartitionedCall/StatefulPartitionedCall/output_control_node/_10"], "attr": {"_has_manual_control_dependencies": {"b": true}}}, {"name": "StatefulPartitionedCall/StatefulPartitionedCall/NoOp", "op": "NoOp", "input": ["^StatefulPartitionedCall/StatefulPartitionedCall/SimpleMLCreateModelResource"], "attr": {"_has_manual_control_dependencies": {"b": true}}}, {"name": "StatefulPartitionedCall/StatefulPartitionedCall/Identity", "op": "Identity", "input": ["StatefulPartitionedCall/StatefulPartitionedCall/SimpleMLCreateModelResource", "^StatefulPartitionedCall/StatefulPartitionedCall/NoOp"], "attr": {"T": {"type": "DT_RESOURCE"}}}, {"name": "Func/StatefulPartitionedCall/StatefulPartitionedCall/output/_9", "op": "Identity", "input": ["StatefulPartitionedCall/StatefulPartitionedCall/Identity"], "attr": {"T": {"type": "DT_RESOURCE"}}}, {"name": "StatefulPartitionedCall/NoOp", "op": "NoOp", "input": ["^Func/StatefulPartitionedCall/StatefulPartitionedCall/output_control_node/_10"], "attr": {"_has_manual_control_dependencies": {"b": true}}}, {"name": "StatefulPartitionedCall/Identity", "op": "Identity", "input": ["Func/StatefulPartitionedCall/StatefulPartitionedCall/output/_9", "^StatefulPartitionedCall/NoOp"], "attr": {"T": {"type": "DT_RESOURCE"}}}, {"name": "Func/StatefulPartitionedCall/output/_1", "op": "Identity", "input": ["StatefulPartitionedCall/Identity"], "attr": {"_has_manual_control_dependencies": {"b": true}, "T": {"type": "DT_RESOURCE"}}}, {"name": "Func/StatefulPartitionedCall_1/input_control_node/_3", "op": "NoOp", "input": ["^3780", "^Func/StatefulPartitionedCall/output/_1"], "attr": {"_has_manual_control_dependencies": {"b": true}}}, {"name": "Func/StatefulPartitionedCall_1/input/_5", "op": "Identity", "input": ["Func/StatefulPartitionedCall/output/_1", "^Func/StatefulPartitionedCall_1/input_control_node/_3"], "attr": {"T": {"type": "DT_RESOURCE"}}}, {"name": "Func/StatefulPartitionedCall_1/StatefulPartitionedCall/input_control_node/_11", "op": "NoOp", "input": ["^Func/StatefulPartitionedCall_1/input_control_node/_3"], "attr": {"_has_manual_control_dependencies": {"b": true}}}, {"name": "Func/StatefulPartitionedCall_1/StatefulPartitionedCall/input/_13", "op": "Identity", "input": ["Func/StatefulPartitionedCall_1/input/_5", "^Func/StatefulPartitionedCall_1/StatefulPartitionedCall/input_control_node/_11"], "attr": {"T": {"type": "DT_RESOURCE"}}}, {"name": "Func/StatefulPartitionedCall_1/input/_4", "op": "Identity", "input": ["3780", "^Func/StatefulPartitionedCall_1/input_control_node/_3"], "attr": {"T": {"type": "DT_STRING"}}}, {"name": "Func/StatefulPartitionedCall_1/StatefulPartitionedCall/input/_12", "op": "Identity", "input": ["Func/StatefulPartitionedCall_1/input/_4", "^Func/StatefulPartitionedCall_1/StatefulPartitionedCall/input_control_node/_11"], "attr": {"T": {"type": "DT_STRING"}}}, {"name": "StatefulPartitionedCall_1/StatefulPartitionedCall/StaticRegexReplace", "op": "StaticRegexReplace", "input": ["Func/StatefulPartitionedCall_1/StatefulPartitionedCall/input/_12"], "attr": {"replace_global": {"b": true}, "rewrite": {"s": ""}, "pattern": {"s": "MmE4MjgzZDdmMDVmNDc5MmRvbmU="}}}, {"name": "StatefulPartitionedCall_1/StatefulPartitionedCall/simple_ml/SimpleMLLoadModelFromPathWithHandle", "op": "SimpleMLLoadModelFromPathWithHandle", "input": ["Func/StatefulPartitionedCall_1/StatefulPartitionedCall/input/_13", "StatefulPartitionedCall_1/StatefulPartitionedCall/StaticRegexReplace"], "attr": {"_has_manual_control_dependencies": {"b": true}, "file_prefix": {"s": "MmE4MjgzZDdmMDVmNDc5Mg=="}, "output_types": {"list": {}}, "allow_slow_inference": {"b": true}}}, {"name": "Func/StatefulPartitionedCall_1/StatefulPartitionedCall/output_control_node/_15", "op": "NoOp", "input": ["^StatefulPartitionedCall_1/StatefulPartitionedCall/simple_ml/SimpleMLLoadModelFromPathWithHandle"], "attr": {"_has_manual_control_dependencies": {"b": true}}}, {"name": "Func/StatefulPartitionedCall_1/output_control_node/_7", "op": "NoOp", "input": ["^Func/StatefulPartitionedCall_1/StatefulPartitionedCall/output_control_node/_15"], "attr": {"_has_manual_control_dependencies": {"b": true}}}, {"name": "NoOp", "op": "NoOp", "input": ["^Func/StatefulPartitionedCall/output_control_node/_2", "^Func/StatefulPartitionedCall_1/output_control_node/_7"], "attr": {"_has_manual_control_dependencies": {"b": true}}}, {"name": "Identity", "op": "Identity", "input": ["Func/StatefulPartitionedCall/output/_1", "^Func/StatefulPartitionedCall_1/output_control_node/_7", "^NoOp"], "attr": {"T": {"type": "DT_RESOURCE"}}}], "versions": {"producer": 1994}}, "initializerSignature": {"outputs": {"Identity:0": {"name": "Identity:0", "dtype": "DT_RESOURCE", "tensorShape": {}, "resourceId": 3578}}}, "weightsManifest": [{"paths": ["group1-shard1of1.bin"], "weights": [{"name": "StatefulPartitionedCall/gradient_boosted_trees_model/StatefulPartitionedCall/PartitionedCall/strided_slice/stack", "shape": [2], "dtype": "int32"}, {"name": "StatefulPartitionedCall/gradient_boosted_trees_model/StatefulPartitionedCall/PartitionedCall/strided_slice/stack_1", "shape": [2], "dtype": "int32"}, {"name": "StatefulPartitionedCall/gradient_boosted_trees_model/StatefulPartitionedCall/PartitionedCall/strided_slice/stack_2", "shape": [2], "dtype": "int32"}, {"name": "StatefulPartitionedCall/gradient_boosted_trees_model/StatefulPartitionedCall/PartitionedCall/strided_slice_1/stack", "shape": [2], "dtype": "int32"}, {"name": "StatefulPartitionedCall/gradient_boosted_trees_model/StatefulPartitionedCall/PartitionedCall/strided_slice_1/stack_1", "shape": [2], "dtype": "int32"}, {"name": "StatefulPartitionedCall/gradient_boosted_trees_model/StatefulPartitionedCall/PartitionedCall/strided_slice_1/stack_2", "shape": [2], "dtype": "int32"}, {"name": "StatefulPartitionedCall/gradient_boosted_trees_model/StatefulPartitionedCall/PartitionedCall/strided_slice_2/stack", "shape": [2], "dtype": "int32"}, {"name": "StatefulPartitionedCall/gradient_boosted_trees_model/StatefulPartitionedCall/PartitionedCall/strided_slice_2/stack_1", "shape": [2], "dtype": "int32"}, {"name": "StatefulPartitionedCall/gradient_boosted_trees_model/StatefulPartitionedCall/PartitionedCall/strided_slice_2/stack_2", "shape": [2], "dtype": "int32"}, {"name": "StatefulPartitionedCall/gradient_boosted_trees_model/StatefulPartitionedCall/PartitionedCall/strided_slice_3/stack", "shape": [2], "dtype": "int32"}, {"name": "StatefulPartitionedCall/gradient_boosted_trees_model/StatefulPartitionedCall/PartitionedCall/strided_slice_3/stack_1", "shape": [2], "dtype": "int32"}, {"name": "StatefulPartitionedCall/gradient_boosted_trees_model/StatefulPartitionedCall/PartitionedCall/strided_slice_3/stack_2", "shape": [2], "dtype": "int32"}, {"name": "StatefulPartitionedCall/gradient_boosted_trees_model/StatefulPartitionedCall/PartitionedCall/strided_slice_4/stack", "shape": [2], "dtype": "int32"}, {"name": "StatefulPartitionedCall/gradient_boosted_trees_model/StatefulPartitionedCall/PartitionedCall/strided_slice_4/stack_1", "shape": [2], "dtype": "int32"}, {"name": "StatefulPartitionedCall/gradient_boosted_trees_model/StatefulPartitionedCall/PartitionedCall/strided_slice_4/stack_2", "shape": [2], "dtype": "int32"}, {"name": "StatefulPartitionedCall/gradient_boosted_trees_model/StatefulPartitionedCall/PartitionedCall/strided_slice_5/stack", "shape": [2], "dtype": "int32"}, {"name": "StatefulPartitionedCall/gradient_boosted_trees_model/StatefulPartitionedCall/PartitionedCall/strided_slice_5/stack_1", "shape": [2], "dtype": "int32"}, {"name": "StatefulPartitionedCall/gradient_boosted_trees_model/StatefulPartitionedCall/PartitionedCall/strided_slice_5/stack_2", "shape": [2], "dtype": "int32"}, {"name": "StatefulPartitionedCall/gradient_boosted_trees_model/StatefulPartitionedCall/PartitionedCall/strided_slice_6/stack", "shape": [2], "dtype": "int32"}, {"name": "StatefulPartitionedCall/gradient_boosted_trees_model/StatefulPartitionedCall/PartitionedCall/strided_slice_6/stack_1", "shape": [2], "dtype": "int32"}, {"name": "StatefulPartitionedCall/gradient_boosted_trees_model/StatefulPartitionedCall/PartitionedCall/strided_slice_6/stack_2", "shape": [2], "dtype": "int32"}, {"name": "StatefulPartitionedCall/gradient_boosted_trees_model/StatefulPartitionedCall/PartitionedCall/strided_slice_7/stack", "shape": [2], "dtype": "int32"}, {"name": "StatefulPartitionedCall/gradient_boosted_trees_model/StatefulPartitionedCall/PartitionedCall/strided_slice_7/stack_1", "shape": [2], "dtype": "int32"}, {"name": "StatefulPartitionedCall/gradient_boosted_trees_model/StatefulPartitionedCall/PartitionedCall/strided_slice_7/stack_2", "shape": [2], "dtype": "int32"}, {"name": "StatefulPartitionedCall/gradient_boosted_trees_model/StatefulPartitionedCall/Const", "shape": [0, 0], "dtype": "float32"}, {"name": "StatefulPartitionedCall/gradient_boosted_trees_model/StatefulPartitionedCall/Const_1", "shape": [0, 0], "dtype": "int32"}, {"name": "StatefulPartitionedCall/gradient_boosted_trees_model/StatefulPartitionedCall/RaggedConstant/values", "shape": [0], "dtype": "int32"}, {"name": "StatefulPartitionedCall/gradient_boosted_trees_model/StatefulPartitionedCall/RaggedConstant/Const", "shape": [1], "dtype": "int32"}, {"name": "StatefulPartitionedCall/gradient_boosted_trees_model/StatefulPartitionedCall/RaggedConstant/Const_1", "shape": [1], "dtype": "int32"}, {"name": "3780", "shape": [], "dtype": "string"}]}]}